<?xml version="1.0"?>
<data>
  <value type="object" struct-name="workbench.model.reporting.TemplateInfo" id="{06C94D1F-F62F-4af1-8C1B-F7DFB4FA4E93}" struct-checksum="0xb46b524d">
    <value type="string" key="description">A detailed HTML report using frames. For printing use a single page HTML report template.</value>
    <value type="string" key="name">HTML Detailed Frame Report</value>
    <value type="list" content-type="object" content-struct-name="workbench.model.reporting.TemplateStyleInfo" key="styles">
      <value type="object" struct-name="workbench.model.reporting.TemplateStyleInfo" id="{4039C0CE-F302-4d5d-B4CC-D58B420D11FD}" struct-checksum="0xab08451b">
        <value type="string" key="description">Vibrant colors</value>
        <value type="string" key="name">Vibrant</value>
        <value type="string" key="previewImageFileName">images/preview_main.png</value>
        <value type="string" key="styleTagValue">basic</value>
        <value type="int" key="canUseHTMLMarkup">1</value>
      </value>
      <value type="object" struct-name="workbench.model.reporting.TemplateStyleInfo" id="{36B0F6CA-337E-4bdb-AC10-F3398A619218}" struct-checksum="0xab08451b">
        <value type="string" key="description">Coated colors</value>
        <value type="string" key="name">Coated</value>
        <value type="string" key="previewImageFileName">images/preview_coated.png</value>
        <value type="string" key="styleTagValue">coated</value>
        <value type="int" key="canUseHTMLMarkup">1</value>
      </value>
    </value>
    <value type="string" key="mainFileName">index.html</value>
  </value>
</data>
