<?xml version="1.0"?>

<data>
  <value type="object" struct-name="app.Toolbar" id="com.mysql.wb.toolbar.option.routinegroup">
    <value type="string" key="name">options/physical/routinegroup</value>
    <value type="string" key="accessibilityName">Routine Group</value>
    <value type="list" key="items" content-type="object" content-struct-name="app.ToolbarItem">

      <value type="object" struct-name="app.ToolbarItem" id="com.mysql.wb.toolbar.tool.option.routinegroup.schemalbl">
        <link type="object" key="owner" struct-name="db.Toolbar">com.mysql.wb.toolbar.option.routinegroup</link>
        <value type="string" key="command">Schema:</value>
        <value type="string" key="itemType">label</value>
        <value type="string" key="accessibilityName">Schema</value>
      </value>

      <value type="object" struct-name="app.ToolbarItem" id="com.mysql.wb.toolbar.tool.option.routinegroup.schema">
        <link type="object" key="owner" struct-name="db.Toolbar">com.mysql.wb.toolbar.option.routinegroup</link>
        <value type="string" key="name">physical/routinegroup/schema</value>
        <value type="string" key="command">option:workbench.physical.RoutineGroupFigure:Schema</value>
        <value type="string" key="itemType">dropdown</value>
        <value type="string" key="accessibilityName">Schemas</value>
      </value>

      <value type="object" struct-name="app.ToolbarItem" id="com.mysql.wb.toolbar.tool.option.routinegroup.schemasep">
        <link type="object" key="owner" struct-name="db.Toolbar">com.mysql.wb.toolbar.option.routinegroup</link>
        <value type="string" key="itemType">separator</value>
        <value type="string" key="accessibilityName">Separator</value>
      </value>

      <value type="object" struct-name="app.ToolbarItem" id="com.mysql.wb.toolbar.tool.option.routinegroup.color">
        <link type="object" key="owner" struct-name="db.Toolbar">com.mysql.wb.toolbar.option.routinegroup</link>
        <value type="string" key="name">physical/routinegroup/color</value>
        <value type="string" key="command">option:workbench.physical.RoutineGroupFigure:Color</value>
        <value type="string" key="itemType">dropdown</value>
        <value type="string" key="accessibilityName">Colors</value>
      </value>
    </value>
  </value>
</data>
