<?xml version="1.0"?>

<data>
  <value type="object" struct-name="app.Toolbar" id="com.mysql.wb.toolbar.tools">
    <value type="string" key="name">tools</value>
    <value type="string" key="accessibilityName">Tools</value>
    <value type="list" key="items" content-type="object" content-struct-name="app.ToolbarItem">

      <value type="object" struct-name="app.ToolbarItem" id="com.mysql.wb.toolbar.tools.separator.top">
        <link type="object" key="owner" struct-name="db.Toolbar">com.mysql.wb.toolbar.tools</link>
        <value type="string" key="itemType">separator</value>
        <value type="string" key="accessibilityName">Separator</value>
      </value>

      <value type="object" struct-name="app.ToolbarItem" id="com.mysql.wb.toolbar.tools.hand">
        <link type="object" key="owner" struct-name="db.Toolbar">com.mysql.wb.toolbar.tools</link>
        <value type="string" key="name">tool/hand</value>
        <value type="string" key="icon">wb_hand.png</value>
        <value type="string" key="tooltip">Move Model</value>
        <value type="string" key="itemType">radio</value>
        <value type="string" key="command">tool:basic/hand</value>
        <value type="string" key="accessibilityName">Move</value>
      </value>

      <value type="object" struct-name="app.ToolbarItem" id="com.mysql.wb.toolbar.tools.separator.hand">
        <link type="object" key="owner" struct-name="db.Toolbar">com.mysql.wb.toolbar.tools</link>
        <value type="string" key="itemType">separator</value>
        <value type="string" key="accessibilityName">Separator</value>
      </value>

      <value type="object" struct-name="app.ToolbarItem" id="com.mysql.wb.toolbar.tools.delete">
        <link type="object" key="owner" struct-name="db.Toolbar">com.mysql.wb.toolbar.tools</link>
        <value type="string" key="name">tool/delete</value>
        <value type="string" key="icon">wb_rubber.png</value>
        <value type="string" key="tooltip">Delete Object</value>
        <value type="string" key="itemType">radio</value>
        <value type="string" key="command">tool:basic/delete</value>
        <value type="string" key="accessibilityName">Delete</value>
      </value>

      <value type="object" struct-name="app.ToolbarItem" id="com.mysql.wb.toolbar.tools.separator.layer">
        <link type="object" key="owner" struct-name="db.Toolbar">com.mysql.wb.toolbar.tools</link>
        <value type="string" key="itemType">separator</value>
        <value type="string" key="accessibilityName">Separator</value>
      </value>

      <value type="object" struct-name="app.ToolbarItem" id="com.mysql.wb.toolbar.tools.layer">
        <link type="object" key="owner" struct-name="db.Toolbar">com.mysql.wb.toolbar.tools</link>
        <value type="string" key="name">tool/layer</value>
        <value type="string" key="icon">wb_layer.png</value>
        <value type="string" key="tooltip">Place a New Layer at Selected Area.
Use for visually grouping related objects in the diagram.</value>
        <value type="string" key="itemType">radio</value>
        <value type="string" key="command">tool:basic/layer</value>
        <value type="string" key="accessibilityName">New Layer</value>
      </value>

      <value type="object" struct-name="app.ToolbarItem" id="com.mysql.wb.toolbar.tools.note">
        <link type="object" key="owner" struct-name="db.Toolbar">com.mysql.wb.toolbar.tools</link>
        <value type="string" key="name">tool/note</value>
        <value type="string" key="icon">wb_note.png</value>
        <value type="string" key="tooltip">Place a New Text Object</value>
        <value type="string" key="itemType">radio</value>
        <value type="string" key="command">tool:basic/note</value>
        <value type="string" key="accessibilityName">New Text</value>
      </value>

      <value type="object" struct-name="app.ToolbarItem" id="com.mysql.wb.toolbar.tools.image">
        <link type="object" key="owner" struct-name="db.Toolbar">com.mysql.wb.toolbar.tools</link>
        <value type="string" key="name">tool/image</value>
        <value type="string" key="icon">wb_image.png</value>
        <value type="string" key="tooltip">Place a New Image</value>
        <value type="string" key="itemType">radio</value>
        <value type="string" key="command">tool:basic/image</value>
        <value type="string" key="accessibilityName">New Image</value>
      </value>
    </value>
  </value>
</data>
  
